# Partition table at 0x10000: 56 KiB bootloader budget (FE ~34 KiB, FE+SBv2 ~48 KiB).
# Sizes:      4 KiB NVS keys,  236 KiB NVS,  5.0 MiB OTA slots,  5.6875 MiB LittleFS.
# Converted: ~4 KB NVS keys,  ~242 KB NVS,  ~5.24 MB OTA slots,  ~5.96 MB LittleFS
# LittleFS: 10 full frames of margin (174 blocks = 712704 B)

# Name,   Type, SubType,  Offset,   Size,     Flags
nvs_keys, data, nvs_keys, 0x011000, 0x001000, encrypted
nvs,      data, nvs,      0x012000, 0x03B000,
otadata,  data, ota,      0x04D000, 0x002000,
phy_init, data, phy,      0x04F000, 0x001000,
ota_0,    app,  ota_0,    0x050000, 0x500000,
ota_1,    app,  ota_1,    0x550000, 0x500000,
assets,   data, littlefs, 0xA50000, 0x5B0000,